#,pos,old,new,amino,Fractions
1,1,GTT,GTG,V," GTG : 0.45 "
2,4,AAA,AAG,K," AAG : 0.56 "
3,7,AGT,AGC,S," AGC : 0.26 "
4,16,ATT,ATC,I," ATA : 0.18 "
5,22,ATT,ATC,I," ATA : 0.18 "
6,25,GGT,GGC,G," GGG : 0.25 "
7,31,CAT,CAC,H," CAC : 0.6 "
8,34,GCA,GCC,A," GCG : 0.13 "
9,43,TCA,AGC,S," AGC : 0.26 "
10,46,ACA,ACC,T," ACG : 0.14 "
11,55,GTT,GTG,V," GTG : 0.45 "
12,58,GAC,GAT,D," GAC : 0.5 "
13,61,ACA,ACC,T," ACG : 0.14 "
14,64,ATA,ATC,I," ATA : 0.18 "
15,70,GAA,GAG,E," GAG : 0.57 "
16,79,GTC,GTG,V," GTG : 0.45 "
17,82,ACT,ACC,T," ACG : 0.14 "
18,85,GTT,GTG,V," GTG : 0.45 "
19,88,ACA,ACC,T," ACG : 0.14 "
20,94,GCT,GCC,A," GCG : 0.13 "
21,97,CAA,CAG,Q," CAG : 0.72 "
22,100,GAC,GAT,D," GAC : 0.5 "
23,103,ATA,ATC,I," ATA : 0.18 "
24,109,GAA,GAG,E," GAG : 0.57 "
25,115,ACA,ACC,T," ACG : 0.14 "
26,124,GGG,GGC,G," GGG : 0.25 "
27,127,AAA,AAG,K," AAG : 0.56 "
28,130,CTC,CTG,L," CTG : 0.41 "
29,139,CTA,CTG,L," CTG : 0.41 "
30,145,GGA,GGC,G," GGG : 0.25 "
31,154,CCT,CCC,P," CCG : 0.14 "
32,157,CTA,CTG,L," CTG : 0.41 "
33,160,ATT,ATC,I," ATA : 0.18 "
34,163,TTA,CTG,L," CTG : 0.41 "
35,172,TGT,TGC,C," TGC : 0.6 "
36,175,AGT,AGC,S," AGC : 0.26 "
37,178,GTA,GTG,V," GTG : 0.45 "
38,181,GCT,GCC,A," GCG : 0.13 "
39,184,GGA,GGC,G," GGG : 0.25 "
40,190,CTC,CTG,L," CTG : 0.41 "
41,193,CTT,CTG,L," CTG : 0.41 "
42,196,GGG,GGC,G," GGG : 0.25 "
43,202,CCA,CCC,P," CCG : 0.14 "
44,208,TGT,TGC,C," TGC : 0.6 "
45,211,GAC,GAT,D," GAC : 0.5 "
46,214,GAA,GAG,E," GAG : 0.57 "
47,220,CTC,CTG,L," CTG : 0.41 "
48,223,AAT,AAC,N," AAC : 0.57 "
49,229,TCG,AGC,S," AGC : 0.26 "
50,232,GAA,GAG,E," GAG : 0.57 "
51,238,TCT,AGC,S," AGC : 0.26 "
52,244,ATA,ATC,I," ATA : 0.18 "
53,259,AAT,AAC,N," AAC : 0.57 "
54,262,CCA,CCC,P," CCG : 0.14 "
55,268,AAT,AAC,N," AAC : 0.57 "
56,271,GAC,GAT,D," GAC : 0.5 "
57,274,CTC,CTG,L," CTG : 0.41 "
58,277,TGT,TGC,C," TGC : 0.6 "
59,283,CCA,CCC,P," CCG : 0.14 "
60,286,GGG,GGC,G," GGG : 0.25 "
61,289,TAT,TAC,Y," TAC : 0.6 "
62,301,TAT,TAC,Y," TAC : 0.6 "
63,304,GAA,GAG,E," GAG : 0.57 "
64,307,GAA,GAG,E," GAG : 0.57 "
65,313,AAA,AAG,K," AAG : 0.56 "
66,319,CTA,CTG,L," CTG : 0.41 "
67,322,TTG,CTG,L," CTG : 0.41 "
68,331,ATA,ATC,I," ATA : 0.18 "
69,337,CGT,AGA,R," AGG : 0.21 "
70,340,TTT,TTC,F," TTC : 0.5 "
71,346,AAA,AAG,K," AAG : 0.56 "
72,349,ATT,ATC,I," ATA : 0.18 "
73,352,CAA,CAG,Q," CAG : 0.72 "
74,361,TCC,AGC,S," AGC : 0.26 "
75,364,AAA,AAG,K," AAG : 0.56 "
76,367,AAT,AAC,N," AAC : 0.57 "
77,370,TCT,AGC,S," AGC : 0.26 "
78,376,CCA,CCC,P," CCG : 0.14 "
79,382,CAT,CAC,H," CAC : 0.6 "
80,385,GAA,GAG,E," GAG : 0.57 "
81,391,TCA,AGC,S," AGC : 0.26 "
82,394,TTG,CTG,L," CTG : 0.41 "
83,397,GGA,GGC,G," GGG : 0.25 "
84,403,AGT,AGC,S," AGC : 0.26 "
85,406,GCA,GCC,A," GCG : 0.13 "
86,409,GCA,GCC,A," GCG : 0.13 "
87,412,TGT,TGC,C," TGC : 0.6 "
88,415,CCA,CCC,P," CCG : 0.14 "
89,424,GGA,GGC,G," GGG : 0.25 "
90,427,GGA,GGC,G," GGG : 0.25 "
91,430,CTC,CTG,L," CTG : 0.41 "
92,433,TCC,AGC,S," AGC : 0.26 "
93,436,TTT,TTC,F," TTC : 0.5 "
94,439,TAT,TAC,Y," TAC : 0.6 "
95,445,AAT,AAC,N," AAC : 0.57 "
96,451,GTA,GTG,V," GTG : 0.45 "
97,457,CTT,CTG,L," CTG : 0.41 "
98,463,GAA,GAG,E," GAG : 0.57 "
99,472,AAT,AAC,N," AAC : 0.57 "
100,475,ACA,ACC,T," ACG : 0.14 "
101,481,CCA,CCC,P," CCG : 0.14 "
102,484,CTA,CTG,L," CTG : 0.41 "
103,487,ATA,ATC,I," ATA : 0.18 "
104,493,AAA,AAG,K," AAG : 0.56 "
105,496,AGT,AGC,S," AGC : 0.26 "
106,502,CAT,CAC,H," CAC : 0.6 "
107,505,AAT,AAC,N," AAC : 0.57 "
108,511,AAT,AAC,N," AAC : 0.57 "
109,514,CAA,CAG,Q," CAG : 0.72 "
110,517,GAA,GAG,E," GAG : 0.57 "
111,523,CTT,CTG,L," CTG : 0.41 "
112,526,TTG,CTG,L," CTG : 0.41 "
113,538,GGG,GGC,G," GGG : 0.25 "
114,541,ATT,ATC,I," ATA : 0.18 "
115,547,CAT,CAC,H," CAC : 0.6 "
116,550,CCA,CCC,P," CCG : 0.14 "
117,553,AAT,AAC,N," AAC : 0.57 "
118,562,GCA,GCC,A," GCG : 0.13 "
119,571,ACA,ACC,T," ACG : 0.14 "
120,574,AGG,AGA,R," AGG : 0.21 "
121,577,CTC,CTG,L," CTG : 0.41 "
122,580,TAT,TAC,Y," TAC : 0.6 "
123,583,AAA,AAG,K," AAG : 0.56 "
124,589,CCA,CCC,P," CCG : 0.14 "
125,592,ACT,ACC,T," ACG : 0.14 "
126,595,ACT,ACC,T," ACG : 0.14 "
127,598,TAT,TAC,Y," TAC : 0.6 "
128,601,ATT,ATC,I," ATA : 0.18 "
129,604,TCC,AGC,S," AGC : 0.26 "
130,607,GTT,GTG,V," GTG : 0.45 "
131,610,GGG,GGC,G," GGG : 0.25 "
132,613,ACA,ACC,T," ACG : 0.14 "
133,616,TCA,AGC,S," AGC : 0.26 "
134,619,ACG,ACC,T," ACG : 0.14 "
135,622,CTA,CTG,L," CTG : 0.41 "
136,634,TTG,CTG,L," CTG : 0.41 "
137,637,GTA,GTG,V," GTG : 0.45 "
138,640,CCA,CCC,P," CCG : 0.14 "
139,646,ATA,ATC,I," ATA : 0.18 "
140,649,GCT,GCC,A," GCG : 0.13 "
141,652,ACT,ACC,T," ACG : 0.14 "
142,658,TCT,AGC,S," AGC : 0.26 "
143,664,GTA,GTG,V," GTG : 0.45 "
144,670,GGG,GGC,G," GGG : 0.25 "
145,673,CAA,CAG,Q," CAG : 0.72 "
146,676,AGT,AGC,S," AGC : 0.26 "
147,679,GGA,GGC,G," GGG : 0.25 "
148,682,AGG,AGA,R," AGG : 0.21 "
149,694,TTT,TTC,F," TTC : 0.5 "
150,700,ACA,ACC,T," ACG : 0.14 "
151,703,ATT,ATC,I," ATA : 0.18 "
152,706,TTA,CTG,L," CTG : 0.41 "
153,709,AAA,AAG,K," AAG : 0.56 "
154,712,TCA,AGC,S," AGC : 0.26 "
155,715,AAT,AAC,N," AAC : 0.57 "
156,721,GTA,GTG,V," GTG : 0.45 "
157,724,ATA,ATC,I," ATA : 0.18 "
158,730,TTT,TTC,F," TTC : 0.5 "
159,736,AGT,AGC,S," AGC : 0.26 "
160,739,AAT,AAC,N," AAC : 0.57 "
161,742,GGA,GGC,G," GGG : 0.25 "
162,745,AAT,AAC,N," AAC : 0.57 "
163,751,ATT,ATC,I," ATA : 0.18 "
164,754,GCT,GCC,A," GCG : 0.13 "
165,757,CCA,CCC,P," CCG : 0.14 "
166,760,GAA,GAG,E," GAG : 0.57 "
167,763,AAT,AAC,N," AAC : 0.57 "
168,766,GCA,GCC,A," GCG : 0.13 "
169,772,AAA,AAG,K," AAG : 0.56 "
170,775,ATT,ATC,I," ATA : 0.18 "
171,778,GTC,GTG,V," GTG : 0.45 "
172,784,AAA,AAG,K," AAG : 0.56 "
173,787,GGG,GGC,G," GGG : 0.25 "
174,790,GAC,GAT,D," GAC : 0.5 "
175,793,TCA,AGC,S," AGC : 0.26 "
176,796,ACA,ACC,T," ACG : 0.14 "
177,799,ATT,ATC,I," ATA : 0.18 "
178,805,AAA,AAG,K," AAG : 0.56 "
179,808,AGT,AGC,S," AGC : 0.26 "
180,814,TTG,CTG,L," CTG : 0.41 "
181,817,GAA,GAG,E," GAG : 0.57 "
182,820,TAT,TAC,Y," TAC : 0.6 "
183,841,TGT,TGC,C," TGC : 0.6 "
184,844,CAA,CAG,Q," CAG : 0.72 "
185,847,ACT,ACC,T," ACG : 0.14 "
186,850,CCA,CCC,P," CCG : 0.14 "
187,853,ATA,ATC,I," ATA : 0.18 "
188,856,GGG,GGC,G," GGG : 0.25 "
189,859,GCG,GCC,A," GCG : 0.13 "
190,862,ATA,ATC,I," ATA : 0.18 "
191,868,TCC,AGC,S," AGC : 0.26 "
192,871,AGT,AGC,S," AGC : 0.26 "
193,877,CCA,CCC,P," CCG : 0.14 "
194,895,CCT,CCC,P," CCG : 0.14 "
195,898,CTC,CTG,L," CTG : 0.41 "
196,907,GGG,GGC,G," GGG : 0.25 "
197,910,GAA,GAG,E," GAG : 0.57 "
198,919,AAA,AAG,K," AAG : 0.56 "
199,922,TAT,TAC,Y," TAC : 0.6 "
200,928,AAA,AAG,K," AAG : 0.56 "
201,931,TCA,AGC,S," AGC : 0.26 "
202,937,AAA,AAG,K," AAG : 0.56 "
203,940,TTA,CTG,L," CTG : 0.41 "
204,943,GTC,GTG,V," GTG : 0.45 "
205,946,CTT,CTG,L," CTG : 0.41 "
206,949,GCT,GCC,A," GCG : 0.13 "
207,952,ACT,ACC,T," ACG : 0.14 "
208,955,GGG,GGC,G," GGG : 0.25 "
209,958,CTC,CTG,L," CTG : 0.41 "
210,964,AAT,AAC,N," AAC : 0.57 "
211,970,CCT,CCC,P," CCG : 0.14 "
212,973,CAA,CAG,Q," CAG : 0.72 "
213,976,GGA,GGC,G," GGG : 0.25 "
214,991,AAA,AAG,K," AAG : 0.56 "
215,1000,GGA,GGC,G," GGG : 0.25 "
216,1003,TTA,CTG,L," CTG : 0.41 "
217,1006,TTT,TTC,F," TTC : 0.5 "
218,1009,GGA,GGC,G," GGG : 0.25 "
219,1012,GCT,GCC,A," GCG : 0.13 "
220,1015,ATA,ATC,I," ATA : 0.18 "
221,1018,GCA,GCC,A," GCG : 0.13 "
222,1021,GGT,GGC,G," GGG : 0.25 "
223,1024,TTT,TTC,F," TTC : 0.5 "
224,1027,ATA,ATC,I," ATA : 0.18 "
225,1033,GGA,GGC,G," GGG : 0.25 "
226,1036,GGA,GGC,G," GGG : 0.25 "
227,1045,GGA,GGC,G," GGG : 0.25 "
228,1051,GTA,GTG,V," GTG : 0.45 "
229,1057,GGT,GGC,G," GGG : 0.25 "
230,1063,TAT,TAC,Y," TAC : 0.6 "
231,1066,GGG,GGC,G," GGG : 0.25 "
232,1075,CAT,CAC,H," CAC : 0.6 "
233,1090,GGG,GGC,G," GGG : 0.25 "
234,1093,AGT,AGC,S," AGC : 0.26 "
235,1096,GGG,GGC,G," GGG : 0.25 "
236,1102,GCT,GCC,A," GCG : 0.13 "
237,1105,GCA,GCC,A," GCG : 0.13 "
238,1108,GAC,GAT,D," GAC : 0.5 "
239,1111,AAA,AAG,K," AAG : 0.56 "
240,1114,GAA,GAG,E," GAG : 0.57 "
241,1117,TCC,AGC,S," AGC : 0.26 "
242,1120,ACT,ACC,T," ACG : 0.14 "
243,1123,CAA,CAG,Q," CAG : 0.72 "
244,1129,GCA,GCC,A," GCG : 0.13 "
245,1132,ATA,ATC,I," ATA : 0.18 "
246,1138,GGA,GGC,G," GGG : 0.25 "
247,1141,GTC,GTG,V," GTG : 0.45 "
248,1147,AAT,AAC,N," AAC : 0.57 "
249,1153,GTC,GTG,V," GTG : 0.45 "
250,1159,TCG,AGC,S," AGC : 0.26 "
251,1165,ATT,ATC,I," ATA : 0.18 "
252,1168,GAC,GAT,D," GAC : 0.5 "
253,1171,AAA,AAG,K," AAG : 0.56 "
254,1180,ACT,ACC,T," ACG : 0.14 "
255,1186,TTT,TTC,F," TTC : 0.5 "
256,1192,GCT,GCC,A," GCG : 0.13 "
257,1195,GTT,GTG,V," GTG : 0.45 "
258,1198,GGA,GGC,G," GGG : 0.25 "
259,1201,AGG,AGA,R," AGG : 0.21 "
260,1204,GAA,GAG,E," GAG : 0.57 "
261,1207,TTT,TTC,F," TTC : 0.5 "
262,1210,AAT,AAC,N," AAC : 0.57 "
263,1216,TTG,CTG,L," CTG : 0.41 "
264,1219,GAA,GAG,E," GAG : 0.57 "
265,1222,AGG,AGA,R," AGG : 0.21 "
266,1228,ATA,ATC,I," ATA : 0.18 "
267,1231,GAA,GAG,E," GAG : 0.57 "
268,1234,AAT,AAC,N," AAC : 0.57 "
269,1237,TTA,CTG,L," CTG : 0.41 "
270,1252,GAA,GAG,E," GAG : 0.57 "
271,1255,GAC,GAT,D," GAC : 0.5 "
272,1258,GGG,GGC,G," GGG : 0.25 "
273,1264,CTA,CTG,L," CTG : 0.41 "
274,1270,GTC,GTG,V," GTG : 0.45 "
275,1276,ACT,ACC,T," ACG : 0.14 "
276,1279,TAT,TAC,Y," TAC : 0.6 "
277,1282,AAT,AAC,N," AAC : 0.57 "
278,1285,GCT,GCC,A," GCG : 0.13 "
279,1288,GAA,GAG,E," GAG : 0.57 "
280,1291,CTT,CTG,L," CTG : 0.41 "
281,1297,GTT,GTG,V," GTG : 0.45 "
282,1300,CTT,CTG,L," CTG : 0.41 "
283,1306,GAA,GAG,E," GAG : 0.57 "
284,1309,AAT,AAC,N," AAC : 0.57 "
285,1318,ACT,ACC,T," ACG : 0.14 "
286,1321,CTA,CTG,L," CTG : 0.41 "
287,1324,GAC,GAT,D," GAC : 0.5 "
288,1327,TTT,TTC,F," TTC : 0.5 "
289,1330,CAT,CAC,H," CAC : 0.6 "
290,1333,GAC,GAT,D," GAC : 0.5 "
291,1336,TCA,AGC,S," AGC : 0.26 "
292,1339,AAT,AAC,N," AAC : 0.57 "
293,1342,GTC,GTG,V," GTG : 0.45 "
294,1351,CTT,CTG,L," CTG : 0.41 "
295,1357,GAC,GAT,D," GAC : 0.5 "
296,1366,CGA,AGA,R," AGG : 0.21 "
297,1369,CTA,CTG,L," CTG : 0.41 "
298,1375,CTT,CTG,L," CTG : 0.41 "
299,1384,AAT,AAC,N," AAC : 0.57 "
300,1387,GCA,GCC,A," GCG : 0.13 "
301,1396,CTT,CTG,L," CTG : 0.41 "
302,1399,GGT,GGC,G," GGG : 0.25 "
303,1405,GGT,GGC,G," GGG : 0.25 "
304,1408,TGT,TGC,C," TGC : 0.6 "
305,1420,TAT,TAC,Y," TAC : 0.6 "
306,1435,AAT,AAC,N," AAC : 0.57 "
307,1438,GAA,GAG,E," GAG : 0.57 "
308,1441,TGT,TGC,C," TGC : 0.6 "
309,1447,GAA,GAG,E," GAG : 0.57 "
310,1450,AGT,AGC,S," AGC : 0.26 "
311,1453,GTA,GTG,V," GTG : 0.45 "
312,1462,GGA,GGC,G," GGG : 0.25 "
313,1465,ACG,ACC,T," ACG : 0.14 "
314,1468,TAT,TAC,Y," TAC : 0.6 "
315,1471,GAC,GAT,D," GAC : 0.5 "
316,1477,CCA,CCC,P," CCG : 0.14 "
317,1483,TAT,TAC,Y," TAC : 0.6 "
318,1486,TCA,AGC,S," AGC : 0.26 "
319,1489,GAA,GAG,E," GAG : 0.57 "
320,1492,GAA,GAG,E," GAG : 0.57 "
321,1495,GCA,GCC,A," GCG : 0.13 "
322,1501,TTA,CTG,L," CTG : 0.41 "
323,1504,AAA,AAG,K," AAG : 0.56 "
324,1513,GAA,GAG,E," GAG : 0.57 "
325,1516,ATA,ATC,I," ATA : 0.18 "
326,1519,AGT,AGC,S," AGC : 0.26 "
327,1522,GGA,GGC,G," GGG : 0.25 "
328,1525,GTA,GTG,V," GTG : 0.45 "
329,1528,AAA,AAG,K," AAG : 0.56 "
330,1531,TTG,CTG,L," CTG : 0.41 "
331,1534,GAA,GAG,E," GAG : 0.57 "
332,1537,TCA,AGC,S," AGC : 0.26 "
333,1540,ATA,ATC,I," ATA : 0.18 "
334,1543,GGA,GGC,G," GGG : 0.25 "
335,1546,ACT,ACC,T," ACG : 0.14 "
336,1552,CAA,CAG,Q," CAG : 0.72 "
337,1555,ATA,ATC,I," ATA : 0.18 "
338,1558,CTA,CTG,L," CTG : 0.41 "
339,1561,TCA,AGC,S," AGC : 0.26 "
340,1564,ATT,ATC,I," ATA : 0.18 "
341,1567,TAT,TAC,Y," TAC : 0.6 "
342,1570,TCA,AGC,S," AGC : 0.26 "
343,1573,ACA,ACC,T," ACG : 0.14 "
344,1579,GCA,GCC,A," GCG : 0.13 "
345,1582,AGT,AGC,S," AGC : 0.26 "
346,1585,TCC,AGC,S," AGC : 0.26 "
347,1588,CTA,CTG,L," CTG : 0.41 "
348,1591,GCA,GCC,A," GCG : 0.13 "
349,1597,GCA,GCC,A," GCG : 0.13 "
350,1609,GCT,GCC,A," GCG : 0.13 "
351,1612,GGT,GGC,G," GGG : 0.25 "
352,1615,CTA,CTG,L," CTG : 0.41 "
353,1618,TCT,AGC,S," AGC : 0.26 "
354,1621,TTG,CTG,L," CTG : 0.41 "
355,1633,TCC,AGC,S," AGC : 0.26 "
356,1636,AAT,AAC,N," AAC : 0.57 "
357,1639,GGA,GGC,G," GGG : 0.25 "
358,1642,TCG,AGC,S," AGC : 0.26 "
359,1645,TTA,CTG,L," CTG : 0.41 "
360,1648,CAA,CAG,Q," CAG : 0.72 "
361,1657,ATT,ATC,I," ATA : 0.18 "
